{"cameraMode":{"drawMode":0,"name":"Shaded","section":"Shading Mode"},"sceneLighting":true,"audioPlay":false,"sceneViewState":{"m_AlwaysRefresh":false,"showFog":true,"showSkybox":true,"showFlares":true,"showImageEffects":true,"showParticleSystems":true,"showVisualEffectGraphs":true,"m_FxEnabled":true},"in2DMode":false,"pivot":{"x":0.8902426958084106,"y":1.9913372993469239,"z":0.3688429892063141},"rotation":{"x":-0.0022718580439686777,"y":0.9977302551269531,"z":-0.047929517924785617,"w":-0.04792820289731026},"size":2.750838041305542,"orthographic":true}