{"cameraMode":{"drawMode":0,"name":"Shaded","section":"Shading Mode"},"sceneLighting":true,"audioPlay":false,"sceneViewState":{"m_AlwaysRefresh":false,"showFog":true,"showSkybox":true,"showFlares":true,"showImageEffects":true,"showParticleSystems":true,"showVisualEffectGraphs":true,"m_FxEnabled":true},"in2DMode":false,"pivot":{"x":-1.4783189296722413,"y":2.5594801902770998,"z":3.860417366027832},"rotation":{"x":0.021973399445414544,"y":-0.9330509901046753,"z":-0.05867539718747139,"w":-0.35444414615631106},"size":0.25837379693984988,"orthographic":false}