{"cameraMode":{"drawMode":0,"name":"Shaded","section":"Shading Mode"},"sceneLighting":true,"audioPlay":false,"sceneViewState":{"m_AlwaysRefresh":false,"showFog":true,"showSkybox":true,"showFlares":true,"showImageEffects":true,"showParticleSystems":true,"showVisualEffectGraphs":true,"m_FxEnabled":true},"in2DMode":false,"pivot":{"x":0.07420039176940918,"y":2.8873395919799806,"z":1.4891599416732789},"rotation":{"x":-0.002971821930259466,"y":0.9965027570724487,"z":-0.07337510585784912,"w":-0.04038011282682419},"size":3.0489211082458498,"orthographic":true}