{"cameraMode":{"drawMode":0,"name":"Shaded","section":"Shading Mode"},"sceneLighting":true,"audioPlay":false,"sceneViewState":{"m_AlwaysRefresh":false,"showFog":true,"showSkybox":true,"showFlares":true,"showImageEffects":true,"showParticleSystems":true,"showVisualEffectGraphs":true,"m_FxEnabled":true},"in2DMode":false,"pivot":{"x":4.6495208740234379,"y":2.090089797973633,"z":6.041962623596191},"rotation":{"x":-0.005452301818877459,"y":0.9696888327598572,"z":-0.02182858996093273,"w":-0.24347464740276338},"size":2.589120388031006,"orthographic":true}